race_name,race_describe,race_feature_1,race_feature_2,race_feature_3,race_feature_4,race_feature_5,race_skill_1,race_skill_2,race_skill_3,race_skill_4,race_skill_5,race_skill_6,race_skill_7,race_skill_8,race_skill_9,race_skill_10
土灵,土灵是以活体岩石为身躯的泰坦造物种族，胸中流淌着艾泽拉斯世界之魂的精华。这些远古的住民最近摆脱了束缚着他们的律令。如今，他们怀着无法满足的好奇心迈开了步伐，与联盟和部落一起探索这个世界。,主城：多恩诺嘉尔 一座土灵在多恩岛中心筑起的巨型要塞。联盟和部落的英雄们将以此作为最新的活动枢纽，还能在这里获得许多服务。,种族坐骑：板岩磐羊 土灵农场主经常会谈起这种生物的韧性，还有雨水如何在它光洁的皮毛上弹起。完成同盟种族：土灵成就即可解锁。该坐骑所有种族皆可使用，并且账号共享。,传承护甲 使用土灵同盟种族升至50级，你就能获得成就“土灵的传承”，以及土灵传承护甲。这些护甲只能由土灵角色用于幻化。,,,静默省思 从你的内心吸取能量，在一段时间内恢你的生命值和法力值。,艾泽里特涌动 土灵能运用一种强化法术激发内在力量，释放时会在前方锥形区域召唤艾泽里特的能量，伤害敌人的同时治疗盟友。,非凡高产 提升精细值。精细值可提高采集时获得额外材料的几率。,矿石摄入 你始终具有更强效的进食充分效果，但无法食用食物。食用一块卡兹阿加宝石可以更改进食充分的增益效果。,泰坦打造的身躯 装备物品的基础护甲值提高10%。,大开眼界 当你通过探索地点获得经验值时，获得的探索经验值提高200%。,静默省思 从你的内心吸取能量，在一段时间内恢你的生命值和法力值。,艾泽里特涌动 土灵能运用一种强化法术激发内在力量，释放时会在前方锥形区域召唤艾泽里特的能量，伤害敌人的同时治疗盟友。,,
狐人,足智多谋的狐人已经在环境严酷的沃顿沙漠中生活了许多世代。他们驾驶着做工精密的大篷车，在彼此的看顾下前往沙丘的另一边寻找补给。尽管狐人身形矮小，但他们在战斗中的凶狠与狡猾，已经足以用来打倒那些低估他们的蠢货。作为部落恰如其分的新成员，他们驾驶着大篷车离开了沙漠，热切地寻找着冒险。,奥格瑞玛大使馆 奥格瑞玛大使馆坐落在精神谷的南边，专门为迎接部落的新盟友而建造。在大使馆中找到季·火掌，他会派你与基罗会面。向基罗伸出援手，就能获得狐人的效忠。,种族坐骑：商队土狼 这只沙漠动物背上的遮篷也可以藏在你的营地里，以便让你感受到拂过你的毛皮的热风。,传承护甲 创建新的狐人角色并升至50级，就可以获取独特的传承护甲，表彰你做出的贡献。,,,警觉之嗅 遭受敌人的第一次攻击时，根据你最大生命值百分比降低受到的伤害。,袋里乾坤 使用袋子里的一个宝物，对敌人造成伤害或者治疗盟友。,翻找背包 改变百宝袋里的宝物。,扎营 在野外搭建你的营地。,返回营地 传送到你营地所在的位置。,羊驼鞍囊 提高背包的容量。,火焰抗性 降低受到的火焰伤害。,警觉之嗅 遭受敌人的第一次攻击时，根据你最大生命值百分比降低受到的伤害。,袋里乾坤 使用袋子里的一个宝物，对敌人造成伤害或者治疗盟友。,
赞达拉巨魔,赞达拉巨魔是一个自豪的种族，他们的起源可以追溯到艾泽拉斯历史最久远的时期。他们勇猛的战士会骑乘恐龙冲入战场，并且拥有世界上最令人闻风丧胆的海军舰队。但是不断入侵他们边界的敌人，还有大王议会内部的纷争，都已经威胁到了这个王国的基础。通过让赞达拉重归稳定，部落的英雄们可以获得一个强大的全新盟友。,奥格瑞玛大使馆 奥格瑞玛大使馆坐落在精神谷的南边，专门为迎接部落的新盟友而建造。在大使馆中找到洛坎，他将协助你赢得赞达拉巨魔的效忠。,种族坐骑：赞达拉恐角龙 赞达拉巨魔的土地上栖息着强大的野兽，他们也因对野兽的驾驭而闻名于世，这其中就包括一些艾泽拉斯最残忍的爬行类生物。,传承护甲 创建新的赞达拉巨魔角色并升至50级，就可以获取独特的传承护甲，表彰你做出的贡献。,,,翼手龙滑翔 召唤一只翼手龙，让你滑翔至地面。,神灵之拥 通过向世界各地的洛阿神龛献祭来选择你的洛阿神灵。每个洛阿神灵都会提供独特的力量。,黄金之城 增加从生物身上获得的金币。,再生 在短暂时间内快速恢复生命值。,翼手龙滑翔 召唤一只翼手龙，让你滑翔至地面。,神灵之拥 通过向世界各地的洛阿神龛献祭来选择你的洛阿神灵。每个洛阿神灵都会提供独特的力量。,,,,
玛格汉兽人,无数个世代以来，德拉诺的兽人氏族之间一直争乱不休。当古尔丹呈上其恶魔主人的鲜血时，玛格汉（兽人语“纯净者”，未受腐化之意）兽人氏族拒绝了这笔黑暗的交易，并团结起来全力驱逐燃烧军团。在地狱火堡垒被攻陷之后，玛格汉兽人立下誓言，他们有朝一日将向艾泽拉斯的英雄们偿还这份人情。随着与联盟之间的冲突不断升级，部落需要玛格汉兽人的力量来赢取胜利。,奥格瑞玛大使馆 奥格瑞玛大使馆坐落在精神谷的南边，专门为迎接部落的新盟友而建造。在大使馆中找到伊崔格，他将协助你招募玛格汉兽人。,种族坐骑：玛格汉恐狼 这种狼来自德拉诺本土，凶猛而忠诚，深受玛格汉兽人的喜爱，此外，在冬天的寒冷长夜里也可以依偎在它们身旁。,传承护甲 创建新的玛格汉兽人角色并升至50级，就可以获取独特的传承护甲，表彰你做出的贡献。,,,狂野之血 缩短你受到的中毒、和诅咒效果的持续时间。,先祖召唤 唤醒先祖的灵魂，使你获得他们的力量。,地广天空 在户外时，提升坐骑速度。,同步活力 提高宠物的生命值。,狂野之血 缩短你受到的中毒、和诅咒效果的持续时间。,先祖召唤 唤醒先祖的灵魂，使你获得他们的力量。,,,,
至高岭牛头人,作为上古之战的英雄胡恩的后裔，至高岭牛头人崇拜大地、河流与天空之灵。虽然燃烧军团入侵了他们的土地，并在部族间种下了纷争的种子，但高岭诸族还是再次团结到了一起。现在，他们终于做好了准备，走出圣山，与他们来自卡利姆多的同胞并肩战斗，将他们的高尚品格和惊人力量带到强大的部落。,奥格瑞玛大使馆 奥格瑞玛大使馆坐落在精神谷的南边，专门为迎接部落的新盟友而建造。在大使馆中找到贝恩·血蹄，他会协助你招募至高岭牛头人。,种族坐骑：至高岭雷蹄驼鹿 这是一份来自牛头人的谢礼，他们训练这些脚步稳健的高地麋鹿，帮助他们在至高岭的山路和峰峦间安全穿行。,传承护甲 创建新的高岭牛头人角色并升至50级，就可以获取独特的传承护甲，表彰你做出的贡献。,,,艰苦朴素 有几率拾取到额外的肉类和鱼。,蛮牛冲撞 向前冲锋并击倒敌人。,登山家 提高全能。,铁角之傲 提高采矿技能和采矿速度。,皮糙肉厚 减少你在之后受到的攻击的伤害。,艰苦朴素 有几率拾取到额外的肉类和鱼。,蛮牛冲撞 向前冲锋并击倒敌人。,,,
夜之子,在保护屏障下与世隔绝地生活了一万年后，苏拉玛的精灵越来越依赖暗夜井的奥术魔力。为了保护这座力量之泉，夜之子的领袖们与燃烧军团达成了协议，但却使自己的王国陷入了内战。从他们的恶魔主子手中夺回自由后，夜之子与部落达成了同盟，以期找回自己在这个世界的位置。,奥格瑞玛大使馆 奥格瑞玛大使馆坐落在精神谷的南边，专门为迎接部落的新盟友而建造。在大使馆中找到女伯爵莉亚德琳，她将在招募夜之子的过程中协助你。,种族坐骑：夜之子魔刃豹 这些高贵的猫科动物天生就有嗅探奥术能量富集之地的能力，夜之子以此做为结盟的谢礼。,传承护甲 创建新的夜之子角色并升至50级，就可以获取独特的传承护甲，表彰你做出的贡献。,,,奥术抗性 降低你受到的奥术伤害。,源远流长 提升铭文技能。,魔法亲和 提高造成的魔法伤害。,戏法 召唤出一本飞行的魔典，让你能够使用信箱。,奥术脉冲 用奥术能量对一片区域施法，对其中的敌人造成伤害并降低其移动速度。,奥术抗性 降低你受到的奥术伤害。,源远流长 提升铭文技能。,,,
土灵,土灵是以活体岩石为身躯的泰坦造物种族，胸中流淌着艾泽拉斯世界之魂的精华。这些远古的住民最近摆脱了束缚着他们的律令。如今，他们怀着无法满足的好奇心迈开了步伐，与联盟和部落一起探索这个世界。,主城：多恩诺嘉尔 一座土灵在多恩岛中心筑起的巨型要塞。联盟和部落的英雄们将以此作为最新的活动枢纽，还能在这里获得许多服务。,种族坐骑：板岩磐羊 土灵农场主经常会谈起这种生物的韧性，还有雨水如何在它光洁的皮毛上弹起。完成同盟种族：土灵成就即可解锁。该坐骑所有种族皆可使用，并且账号共享。,传承护甲 使用土灵同盟种族升至50级，你就能获得成就“土灵的传承”，以及土灵传承护甲。这些护甲只能由土灵角色用于幻化。,,,静默省思 从你的内心吸取能量，在一段时间内恢你的生命值和法力值。,艾泽里特涌动 土灵能运用一种强化法术激发内在力量，释放时会在前方锥形区域召唤艾泽里特的能量，伤害敌人的同时治疗盟友。,非凡高产 提升精细值。精细值可提高采集时获得额外材料的几率。,矿石摄入 你始终具有更强效的进食充分效果，但无法食用食物。食用一块卡兹阿加宝石可以更改进食充分的增益效果。,泰坦打造的身躯 装备物品的基础护甲值提高10%。,大开眼界 当你通过探索地点获得经验值时，获得的探索经验值提高200%。,静默省思 从你的内心吸取能量，在一段时间内恢你的生命值和法力值。,艾泽里特涌动 土灵能运用一种强化法术激发内在力量，释放时会在前方锥形区域召唤艾泽里特的能量，伤害敌人的同时治疗盟友。,,
机械侏儒,很久以前，一群狂热的侏儒开始寻找方法来强化自身的体魄与心智。他们在与世隔绝的麦卡贡岛定居下来，用古老的技术进行实验，试图逆转血肉诅咒，最终成为有生命的机器。在面对了完全机械化的危险后，他们找到了血肉与钢铁之间的理想平衡。现在机械侏儒终于与他们的侏儒表亲团聚，同时也为联盟增添了一份韧性与独创性。,暴风城大使馆 暴风城大使馆坐落在矮人区的西北边，专门为迎接联盟的新支持者而建造。在大使馆中找到艾莎·云歌，她会指引你与凯尔希·钢烁见面。向凯尔希伸出援手，就能获得机械侏儒的效忠。,种族坐骑：麦卡贡机械陆行鸟 逻辑上来说绝对是最优秀的坐骑，具有许多功能——有时候，你需要前往特定地点，同时在到达以后还需要去拿放在高处的东西。,传承护甲 创建新的机械侏儒角色并升至50级，就可以获取独特的传承护甲，表彰你做出的贡献。,,,万能小指 可以打开锁住的箱子和门。,超有机光影幻象 召唤你的幻象作为诱饵，干扰敌人。,战斗分析 你在战斗期间会收集并分析战斗数据，提高你的主属性。,匠工大师 你可以使自己成为个人用锻造铁砧、烹饪用火和采矿熔炉。除此之外，你的肢体内包含着各种专业工具。,紧急意外防护 当生命值低于某一水平时，基于自身最大生命值治疗自己。,万能小指 可以打开锁住的箱子和门。,超有机光影幻象 召唤你的幻象作为诱饵，干扰敌人。,,,
库尔提拉斯人,无畏的探索者们建立了库尔提拉斯，他们曾在未知的水域乘风破浪，追求惊心动魄的冒险。作为洛丹伦联盟的关键一员，库尔提拉斯海军的传奇舰队曾统治过艾泽拉斯的海洋。但多年的混乱与苦难之后，这个王国已经变得孤立而脆弱，无法抵御黑暗势力的影响。多亏了勇敢的英雄出手相助，普罗德摩尔家族已重振声威，库尔提拉斯随时准备再一次和英勇的联盟并肩作战。,暴风城大使馆 暴风城大使馆坐落在矮人区的西北边，专门为迎接联盟的新支持者而建造。在大使馆中找到海军统帅吉安娜·普罗德摩尔，她将协助你赢得库尔提拉斯的效忠。,种族坐骑：库尔提拉斯军马 库尔提拉斯的军队以传奇般的海军闻名于世，然而拥有强大的骑兵同样让他们引以为傲。,传承护甲 创建新的库尔提拉斯人角色并升至50级，就可以获取独特的传承护甲，表彰你做出的贡献。,,,水手之韵 降低受到的冰霜和自然伤害。,英勇无畏 提高全能，并恢复受到伤害时损失的部分生命值。,大海的孩子 水下屏息的时间更久，并且游泳速度更快。,强力一击 后撤并猛击敌人，对其造成晕眩和击退效果。,多面手 提高所有商业技能。,水手之韵 降低受到的冰霜和自然伤害。,英勇无畏 提高全能，并恢复受到伤害时损失的部分生命值。,,,
黑铁矮人,黑铁矮人是出了名的脾气火爆，顽固不化，他们和其他部族之间一直纷争不断。他们在铁炉堡的一场失败的政变点燃了三锤之战，还有许多黑人矮人曾经被炎魔之王拉格纳罗斯摆布。虽然其中一支矮人效忠摄政女王茉艾拉·索瑞森，但是其他族人并没有站在同一条战线上。联盟殷切希望黑铁部族能够统一起来，协助争夺艾泽里特的力量，与部落抗争。,暴风城大使馆 暴风城大使馆坐落在矮人区的西北边，专门为迎接联盟的新支持者而建造。在大使馆中找到茉艾拉·索瑞森，她将协助你招募黑铁矮人。,种族坐骑：黑铁熔火犬 这只烈焰裹身的熔火犬来自火焰之地，那里曾是炎魔之王拉格纳罗斯的国度。黑铁矮人喜欢在战斗中骑乘这种火焰般的猎犬，因为那些敢小看它们的糊涂虫无一不被熔火犬烧成了灰烬。,传承护甲 创建新的黑铁矮人角色并升至50级，就可以获取独特的传承护甲，表彰你做出的贡献。,,,饱经战火 降低受到的物理伤害。,烈焰之血 移除有害效果并强化自身。,地下城探索者 提高室内移动速度。,大规模生产 提高锻造技能并提升锻造速度。,钻探机 在户外时可以召唤一台能掘地的钻探机。,饱经战火 降低受到的物理伤害。,烈焰之血 移除有害效果并强化自身。,,,
光铸德莱尼,圣光军团与燃烧军团在扭曲虚空中厮杀了数千年。舍身投入这场漫长远征的德莱尼会接受仪式，将圣光的精华注入体内，成为光铸者。在阿古斯之战获得最终的胜利后，光铸者有了一个新的任务：保护艾泽拉斯不受任何威胁，并帮助联盟击退部落的入侵。,暴风城大使馆 暴风城大使馆坐落在矮人区的西北边，专门为迎接联盟的新支持者而建造。在大使馆中找到图拉扬，他将协助你招募光铸德莱尼。,种族坐骑：光铸邪能碾压者 这是一份来自光铸德莱尼的谢礼，这头强壮的雷象能够无所畏惧地向黑暗进军。,传承护甲 创建新的光铸德莱尼角色并升至50级，就可以获取独特的传承护甲，表彰你做出的贡献。,,,恶魔之灾 通过杀死恶魔获得的经验值提高20%。,圣光熔炉 提高锻造技能，并能让你召唤一个熔炉。,神圣抗性 降低受到的神圣伤害。,圣光裁决 对范围内敌人造成神圣伤害。,圣光清算 当死亡时候会爆发圣光，对附近的敌人造成神圣伤害，并为盟友回复生命值。,恶魔之灾 通过杀死恶魔获得的经验值提高20%。,圣光熔炉 提高锻造技能，并能让你召唤一个熔炉。,,,
虚空精灵,许多人都曾试图掌握虚空的堕落魔力。大部分这样做的人最终都陷入了疯狂。奥蕾莉亚·风行者决心使用这种力量为艾泽拉斯的福祉而战，成为了第一个成功抗拒暗影低语的凡人。为了帮助一群几乎堕入黑暗的同胞，奥蕾莉亚发誓要教导这些虚空精灵控制体内的暗影，并让他们用这种新获得的力量为联盟效力。,暴风城大使馆 暴风城大使馆坐落在矮人区的西北边，专门为迎接联盟的新支持者而建造。去大使馆寻找奥蕾莉亚，她会帮助你招募虚空精灵。,种族坐骑：星怨虚空陆行鸟 这些陆行鸟灌注了暗影之力，是以联盟之名钻研虚空之力的精灵的象征。,传承护甲 创建新的虚空精灵角色并升至50级，就可以获取独特的传承护甲，表彰你做出的贡献。,,,空间裂隙 使用空间裂隙传送至附近目的地。,暗夜之寒 降低受到的暗影伤害。,熵能之拥 你的技能有概率让你获得虚空之力的强化，造成额外伤害和治疗效果。,虚灵链接 降低幻化和虚空仓库的费用。,冷静自若 你的施法不会因为受到伤害而延迟。,空间裂隙 使用空间裂隙传送至附近目的地。,暗夜之寒 降低受到的暗影伤害。,,,
龙希尔,大地守护者奈萨里奥将巨龙的精华与凡人种族的适应能力相结合，创造出了一群精英战士，能够在龙裔形态和类人形态之间自由转换。他们在魔法静滞中封存许久，如今已从沉睡中苏醒，来面对巨龙群岛所潜藏的新兴威胁。龙希尔将从禁忌离岛开启旅程，夺回早已分崩离析的回忆，直面崭新的现实。,故土：巨龙群岛 巨龙群岛涌动着元素魔法和艾泽拉斯的生命能量，如今再度苏醒。好奇的龙希尔渴望探索此地的原始奇景，揭晓失落已久的远古奥秘。,种族坐骑：龙麒 这些高贵的野兽在战斗中表现出顽强的韧性，即使面对龙焰时也不会退缩，故而广受尊敬，是龙希尔骑兵队宝贵的坐骑。,幻容 龙希尔可以在两种可定制形态之间自由切换，在人形幻容和威严的龙裔形态下征服强敌、攻坚克难。,领袖：鳞长欣戴赛什 鳞长欣戴赛什认为，部落不过是一群毫无纪律的流浪者组成的团体，但这名暗爪营的领袖不禁对他们的荣誉感和对进步的渴望钦佩有加，并欣然与他们并肩作战。,,飞翼打击 猛力扇动双翼，击退你前方的敌人。,梦醒 提高你的精通。,敏锐目光 提高你的感知。感知可以提高你在采集时发现稀有材料的能力。,熟悉的天空 你在完全探索的大陆上时，翱翔的冷却时间缩短。,滑翔 主动激活来降低你的坠落速度。,翱翔 聚集你的力量并跃升到空中。,扫尾 挥动你的尾巴，将附近的敌人击飞至空中。,幻容 在你的龙希尔形态和幻容形态之间切换。你的幻容形态散发出魔法，大幅提高你的小队脱离战斗时的生命恢复速度。,飞翼打击 猛力扇动双翼，击退你前方的敌人。,梦醒 提高你的精通。
熊猫人,对艾泽拉斯世界的其他种族来说，除了传说和神话里的只言片语，熊猫人的一切始终是一个谜。追随火金之道的熊猫人相信，为了追求大义，唯一的错误就是怠于行动。火金派认为道德和理念并无绝对，而是会随时势变化。他们自然与务实的部落走得更近。,家园大陆：潘达利亚 自一万年前的大分裂以来，古老的潘达利亚就一直被浓雾所笼罩，直到再次被世人所发现。在这里，茂密的森林和云雾袅绕的山峰孕育了独特的种族和多样化的物种。,种族坐骑：龙龟 熊猫人一直在寻找象征着自己价值观的坐骑：富有耐心而坚强不屈。龙龟的周身天生覆盖着宛如盔甲的表皮，它们步态沉稳，即使长途跋涉也怡然自得，是熊猫人冒险者完美的旅伴。,领袖：季·火掌 外向、热情而不擅深思的季·火掌总是第一个挺身而出。他坚信最大的不公莫过于无动于衷，而为了保家卫国，不管要付出什么代价都光荣之至。,,,气功掌 在短时间内使目标昏睡。,弹力轻功 使你的坠落伤害减半。,美食家 在进食充分效果中获得额外100%的属性。,食神 提高你的烹饪技能。,平常心 在休息后获得平常时两倍的经验值奖励。,气功掌 在短时间内使目标昏睡。,弹力轻功 使你的坠落伤害减半。,,,
地精,地精的狡诈天性和贪婪本质令他们成为了商界大师。锈水财阀的地精与其交往过的盟友重修旧好，他们受到了部落的热烈欢迎。地精将与生俱来的狡诈磨砺成了锋芒，他们希望凭借爆炸性的发明创造来统治世界——至少能瓜分一些利润。,主城：锈水港 锈水港在极短的时间内拔地而起，其典型的地精建筑风格营造出了放荡混乱的氛围，此外还有赌场、娱乐场所和其他豪华设施。,种族坐骑：三轮摩托 这种坚固的三轮摩托是由经验丰富的几比达·“断指”·格雷格夫兹发明的。多年的产品研究事故最终结出了硕果，这种经久耐用、风驰电掣且几乎从不爆炸的三轮摩托就此诞生，并且在地精之中颇为抢手。,传承护甲 将地精角色升至50级，就可以开启任务并获取独特的传承护甲，表彰你做出的贡献。,领袖：贸易亲王加兹鲁维 贸易大王加里维克斯在第四次战争结束后不辞而别，锈水财阀的地精一时群龙无首。现在贸易亲王加兹鲁维凭借自己的聪明才智来领导地精，在部落议会里代表他们的声音。,,时间就是金钱 提升急速效果。,哪里都有好买卖 无论和哪个阵营进行交易都能获得最优惠的折扣。,化学让生活更美好 提高炼金术技能。,呼叫大胖   召唤你的朋友，暂时获得私人银行的权限。,火箭弹幕 向一个敌人发射腰带上的火箭，造成火焰伤害。,火箭跳 使用火箭腰带向前跳跃。,时间就是金钱 提升急速效果。,哪里都有好买卖 无论和哪个阵营进行交易都能获得最优惠的折扣。,,
血精灵,数千年来，奎尔萨拉斯的高等精灵从神奇的太阳之井中汲取奥术能量。天灾军团入侵后几乎将高等精灵屠杀殆尽，同时也让他们和太阳之井的力量失去了联系。改名为血精灵后——用他们自己的语言则是辛多雷——奎尔萨拉斯的人民在一段时间内借用恶魔的力量来满足自己对魔法的渴望。当太阳之井被修复后，血精灵便努力重建家园，希望能带领部落迈向光明的未来。,主城：银月城 银月城守卫着通往太阳之井的道路，对血精灵来说具有极为重要的战略意义。银月城宏伟的尖塔象征着辛多雷无限的优雅、创意和工艺。,种族坐骑：陆行鸟 陆行鸟因其可靠的性格和迅捷的速度而深受信赖。这些彩色的鸟类生活在血精灵王国奎尔萨拉斯的森林中，带有与生俱来的光辉，是精灵们日常生活的组成部分。,传承护甲 将血精灵角色升至50级，就可以开启任务并获取独特的传承护甲，表彰你做出的贡献。,领袖：摄政王洛瑟玛·塞隆 洛瑟玛·塞隆理解血精灵所承受的痛苦。尽管政治斗争让这位摄政王疲惫不堪，有时渴望去过简单的游侠生活，但他绝对是一位热情而坦率的人民捍卫者。,,奥术抗性 降低你受到的奥术伤害。,奥术敏锐 提高暴击几率。,奥术亲和 提高附魔技能。,奥术洪流 从半径8码范围内的所有敌人身上移除一个有益效果，并回复你的法力值。,奥术抗性 降低你受到的奥术伤害。,奥术敏锐 提高暴击几率。,,,,
巨魔,当大酋长萨尔和强大的部落军队被狂风暴雨带到遥远的岛屿上时，在此地居住的暗矛流放者已经濒临灭亡。这些巨魔得到了部落的接纳，在其他流离失所的种族里找到了自己的位置。,主城：暗矛岛 暗矛部族一直在暗矛岛上努力不懈地巩固自己的家园。在杜隆塔尔的东南方，这个布满棚屋和桥梁的丛林岛屿已然成为了部族荣耀的象征。,种族坐骑：迅猛龙 暗矛巨魔在几年前抵达回音群岛后，凶猛的卡利姆多迅猛龙就深受他们的青睐。部族认为迅猛龙是猎人本质最纯粹的体现，正因为如此，这些经过驯服的爬行动物会成为珍贵的坐骑。,领袖：酋长洛坎 多年以来，智慧过人的沃金一直领导着暗矛巨魔。他在破碎海滩之战中壮烈牺牲，暗矛巨魔的社会根基也随之动摇。资深暗影猎手洛坎站了出来，他将领导暗矛走向新的未来，并在部落议会中为部族代言。,,,再生 提高生命回复速度。,野兽杀手 提高你通过杀死野兽获得的经验值。,狂暴 暂时提高急速效果。,巫毒步 降低你受到的移动限制效果的持续时间。,再生 提高生命回复速度。,野兽杀手 提高你通过杀死野兽获得的经验值。,,,,
牛头人,爱好和平的牛头人在他们自己的语言中被称为“舒哈鲁”，他们长期居住在卡利姆多，在他们的女神大地母亲的命令下，努力地保护着大自然的平衡。牛头人部族曾经在大自然中游牧而居，如今他们已经联合起来，在先祖的家园莫高雷定居。,主城：雷霆崖 睿智的酋长凯恩·血蹄和他勇敢的部族建立了雷霆崖，这处和风环绕的台地可以俯瞰到莫高雷苍翠的土地，是生活在卡利姆多的牛头人们平静安宁的堡垒。,种族坐骑：科多兽 牛头人的传说中充满了关于生活在卡利姆多贫瘠之地的巨角科多兽的故事。虽然科多兽通常被认为生性温和，但在受到威胁时，它们也会成为凶猛的对手。,传承护甲 将牛头人角色升至50级，并在“争霸艾泽拉斯”战役中拯救贝恩·血蹄，就可以开启任务并获取独特的传承护甲，表彰你做出的贡献。,领袖：大酋长贝恩·血蹄 牛头人大酋长贝恩·血蹄是一名无双的猛士。贝恩经历过许多战争，他的领导能为喧闹的部落带来内在的宁静，其他部落领袖和无畏的牛头人因此对他敬仰有加。,,战争践踏 践踏地面并使附近的敌人晕眩。,健硕 提高暴击伤害和治疗效果。,栽培 提高你的草药学技能和采集速度。,耐久 根据角色等级提高耐力。,自然抗性 减少受到的自然伤害。,战争践踏 践踏地面并使附近的敌人晕眩。,健硕 提高暴击伤害和治疗效果。,,,
亡灵,巫妖王在洛丹伦发起了残害生灵的战役，对于不幸落难的人类来说，死亡也并非解脱之道。第三次战争后，巫妖王对天灾军团的控制开始减弱，一小支亡灵队伍挣脱了他们主人的意志。这些亡灵自称为“被遗忘者”，他们开始在这个唾弃他们的世界中勉力求存。,主城：幽暗城 庞大的幽暗城中满是蜿蜒曲折的墓穴、地窖和毒性软泥所组成的网络。剧毒烟雾充斥在这座要塞的每一个角落，几乎没有生者能够在此存活——这正符合被遗忘者的心意。,传承护甲 达到50级后，就可以开启任务以获取被遗忘者勇士的传承护甲，以表彰你对守护被遗忘者的未来做出的贡献,种族坐骑：骸骨军马 当巫妖王的亡灵瘟疫席卷整个洛丹伦王国的时候，它摧毁的不仅仅是这个王国的人类。许多在此地的优良马匹也不幸被瘟疫感染，无法安详地死去。,,,被遗忘者的意志 移除魅惑、恐惧和催眠效果。,食尸 消耗附近的一具尸体来恢复你的生命值和法力值。,暗影抗性 减少你受到的暗影伤害。,哀伤之触 你的攻击和伤害法术有一定概率吸取目标的生命，造成额外暗影伤害并为你回复生命值。,被遗忘者的意志 移除魅惑、恐惧和催眠效果。,食尸 消耗附近的一具尸体来恢复你的生命值和法力值。,,,,
兽人,兽人萨满氏族曾经居住在苍翠繁茂的德拉诺世界。他们被燃烧军团的恶魔领主基尔加丹所腐化，入侵了艾泽拉斯的世界。当兽人终于从恶魔的影响之中挣脱，他们定居在卡利姆多，建起了宏伟壮丽的主城奥格瑞玛，并开始在自己曾经试图征服的世界里寻找一席之地。,主城：奥格瑞玛 在杜隆塔尔定居后不久，兽人就建立起了以前任部落大酋长奥格瑞姆·毁灭之锤命名的主城，又在多年之间予以加固。金属尖塔在城市的街道中排成一行，部落的红黑色旌旗四处飞扬。,种族坐骑：狼 身形庞大、凶猛狂野的战狼是兽人精心挑选的同伴，也是他们青睐的交通工具。狼拥有刚猛无畏的性情，因此非常适合载着全副武装的骑手追猎庞然大物。,传承护甲 将兽人角色升至50级，就可以开启任务并获取独特的传承护甲，表彰你做出的贡献。,领袖：待定 在瓦罗克·萨鲁法尔牺牲之后，兽人们尚未正式推选出一位领袖。好在前任酋长萨尔已经挺身而出，在部落议会中代表兽人的利益，著名战士伊崔格等元老也将领导人民蓬勃发展。,,命令 提高你的宠物对敌人造成的伤害。,血性狂怒 暂时提高你的攻击强度和法术伤害。,坚韧 缩短昏迷效果的持续时间。,命令 提高你的宠物对敌人造成的伤害。,血性狂怒 暂时提高你的攻击强度和法术伤害。,,,,,
龙希尔,大地守护者奈萨里奥将巨龙的精华与凡人种族的适应能力相结合，创造出了一群精英战士，能够在龙裔形态和类人形态之间自由转换。他们在魔法静滞中封存许久，如今已从沉睡中苏醒，来面对巨龙群岛所潜藏的新兴威胁。龙希尔将从禁忌离岛开启旅程，夺回早已分崩离析的回忆，直面崭新的现实。,故土：巨龙群岛 巨龙群岛涌动着元素魔法和艾泽拉斯的生命能量，如今再度苏醒。好奇的龙希尔渴望探索此地的原始奇景，揭晓失落已久的远古奥秘。,种族坐骑：龙麒 这些高贵的野兽在战斗中表现出顽强的韧性，即使面对龙焰时也不会退缩，故而广受尊敬，是龙希尔骑兵队宝贵的坐骑。,幻容 龙希尔可以在两种可定制形态之间自由切换，在人形幻容和威严的龙裔形态下征服强敌、攻坚克难。,领袖：鳞长阿苏拉泰 黑卫营的领袖相信，假以时日，联盟可以被锤锻成一股高贵而团结的战斗力量。在鳞长阿苏拉泰眼中，秩序和纪律高于一切，而联盟显然拥有这两项品质。,,飞翼打击 猛力扇动双翼，击退你前方的敌人。,梦醒 提高你的精通。,敏锐目光 提高你的感知。感知可以提高你在采集时发现稀有材料的能力。,熟悉的天空 你在完全探索的大陆上时，翱翔的冷却时间缩短。,滑翔 主动激活来降低你的坠落速度。,翱翔 聚集你的力量并跃升到空中。,扫尾 挥动你的尾巴，将附近的敌人击飞至空中。,幻容 在你的龙希尔形态和幻容形态之间切换。你的幻容形态散发出魔法，大幅提高你的小队脱离战斗时的生命恢复速度。,飞翼打击 猛力扇动双翼，击退你前方的敌人。,梦醒 提高你的精通。
熊猫人,对艾泽拉斯世界的其他种族来说，除了传说和神话里的只言片语，熊猫人的一切始终是一个谜。追随土水之道的熊猫人相信，这个世界的道德准则泾渭分明，有一条明确无误的是非之道。这一哲学和联盟所代表的理念相符，因此土水派宣誓加入了联盟。,家园大陆：潘达利亚 自一万年前的大分裂以来，古老的潘达利亚就一直被浓雾所笼罩，直到再次被世人所发现。在这里，茂密的森林和云雾袅绕的山峰孕育了独特的种族和多样化的物种。,种族坐骑：龙龟 熊猫人一直在寻找象征着自己价值观的坐骑：富有耐心而坚强不屈。龙龟的周身天生覆盖着宛如盔甲的表皮，它们步态沉稳，即使长途跋涉也怡然自得，是熊猫人冒险者完美的旅伴。,领袖：艾莎·云歌 优雅沉着的艾莎勤勤恳恳地践行着土水派理念，从而获得了无瑕的品行和缜密的思维。对艾莎而言，追随土水之道意味着守护正义。她坚信所谓的成功永远无法为耻辱之行正名。,,,气功掌 在短时间内使目标昏睡。,弹力轻功 使你的坠落伤害减半。,美食家 在进食充分效果中获得额外100%的属性。,食神 提高你的烹饪技能。,平常心 在休息后获得平常时两倍的经验值奖励。,气功掌 在短时间内使目标昏睡。,弹力轻功 使你的坠落伤害减半。,,,
狼人,在雄壮的格雷迈恩之墙背后，一种可怕的诅咒在与世隔绝的吉尔尼斯王国中悄然传播，将许多忠诚的居民转化成了梦魇般的狼形野兽，它们被称为狼人。这种诅咒无法被治愈，被遗忘者的残忍围攻也越发凌厉，但狼人们在暗夜精灵的帮助下学会了掌控这种野性。如今，为了捍卫联盟的荣光，狼人们随时准备在顷刻间释放出自己心中的野兽。,主城：吉尔尼斯城 即使狼人诅咒在城市中肆虐，吉尔尼斯城中蜿蜒的卵石街道和狭窄的巷子始终造福着城中的居民。狼人在大灾变期间被迫逃离家园，他们希望有朝一日能够收复这座珍爱的城市。,种族坐骑：高山马 这些狂野的战马从第一次战争起就在为吉尔尼斯人效力了。高山马以力量和凶悍的品性而闻名，它们能自如地背负骑手，也不怯于展示自己狂野的那一面。,传承护甲 将狼人角色升至50级，就可以开启任务并获取独特的传承护甲，表彰你做出的贡献。,领袖：国王吉恩·格雷迈恩 身经百战的吉恩参与过多次对抗部落的战争，他担任着年轻的暴风城国王安度因·乌瑞恩的顾问。格雷迈恩为人刚强忠实，他想要为联盟争得长久的和平，并依然期待着夺回王国的那一天。,,抚平狼心 激活以控制你的狼人本能，在离开战斗时自动变为人类形态。,畸变 降低受到的暗影伤害和自然伤害。,变身形态 非战斗状态下能够在人类和狼人形态之间切换。,疾步夜行 在短时间内提升你的移动速度。,剥皮专家 提升你的剥皮技能，使你能够更快剥皮。,狂野奔跑 使你像野兽一样飞奔。,恶意 提高你的暴击几率。,抚平狼心 激活以控制你的狼人本能，在离开战斗时自动变为人类形态。,畸变 降低受到的暗影伤害和自然伤害。,
德莱尼,神秘的德莱尼一族逃离了荒废的外域世界，那个世界曾经名为“德拉诺”，如今却变为支离破碎的星球残骸。而后，德莱尼紧急降落在了艾泽拉斯。他们向联盟宣誓效忠，誓言要摧毁自己的死敌——由恶魔构成的燃烧军团。燃烧军团败亡之后，德莱尼开始在圣光的祝福下探求新的命运。,主城：埃索达 曾经隶属于风暴要塞的卫星建筑突然坠地之后，德莱尼改造了埃索达的残骸——那艘携他们来到艾泽拉斯的舰船，将其变成了如今的活动基地。,种族坐骑：雷象 艾泽拉斯本地的许多野生动物都成为了其他种族的可靠坐骑，但德莱尼最喜欢的还是来自故土、健壮不屈的雷象。这些庞大的野兽因其作为坐骑的价值而备受珍视,领袖：先知维伦 不朽的先知维伦相信，黑暗与光明之间的大战很快就会到来，而艾泽拉斯将成为主要战场。他会勇敢地与盟友们携手并肩，确保艾泽拉斯能为那个时刻做好准备。,,,暗影抗性 降低受到的暗影伤害。,纳鲁的赐福 在短时间内为目标治疗。,宝石切割 提高你的珠宝加工技能。,英雄灵气 根据角色等级提升你的力量、敏捷和智力。,暗影抗性 降低受到的暗影伤害。,纳鲁的赐福 在短时间内为目标治疗。,,,,
侏儒,聪明、勇敢而略显古怪的侏儒在艾泽拉斯的文明种族中代表了一个独特的矛盾体。笑对灾难的乐观态度象征着侏儒们真正不可动摇的精神，而能够与他们的无穷创意和巧思相媲美的，就只有对联盟事业的不懈承诺。,主城：诺莫瑞根 诺莫瑞根曾是侏儒们的主城，直到它在一场穴居人的入侵中沦陷。在联盟的协助下，侏儒收复了诺莫瑞根的部分区域，至今仍在孜孜不倦地为光复主城而奋斗。,种族坐骑：机械陆行鸟 机械陆行鸟是侏儒革命性的发明，也是一项工程学的奇迹。它们在制造过程中使用了最先进的压缩蒸汽、伺服马达动力和纯钢电镀技术，为骑行者提供了一种可靠而耐用的运输方式。,传承护甲 将侏儒角色升至50级，就可以开启任务并获取独特的传承护甲，表彰你做出的贡献。,领袖：国王格尔宾·梅卡托克 大工匠梅卡托克带领侏儒一族走过了最艰难坎坷的岁月。随着诺莫瑞根与麦卡贡重新统合，梅卡托克已被推选为侏儒之王。作为所有侏儒的统治者，格尔宾的第一要务就是维护人民的福祉。,,心灵手巧 提高急速效果。,奥术抗性 降低受到的奥术伤害。,工程学专精 提高你的工程学技能。,逃命专家 解除移动限制效果。,开阔思维 提高副资源上限。,心灵手巧 提高急速效果。,奥术抗性 降低受到的奥术伤害。,,,
暗夜精灵,古老而避世的暗夜精灵又名“卡多雷”，他们在塑造艾泽拉斯命运的过程中发挥了关键作用。如今，暗夜精灵选择为联盟而战。他们依然记得在一万年以前的上古之战中，自己曾挫败了燃烧军团对艾泽拉斯的第一次侵略。这些凶狠的精灵会竭尽全力保护家园，让邪恶再也无法染指这片神圣的土地。,主城：达纳苏斯 在世界之树泰达希尔的庞大树枝上，坐落着奇妙的城市达纳苏斯。精致的桥梁、美丽的小树林和铺满树叶的小路装点着城市，它们是暗夜精灵们崇敬大自然的最佳佐证。遗憾的是，这棵大树在第四次战争的开端遭到了袭击，使卡多雷不得不另觅新家。,种族坐骑：夜刃豹 夜刃豹是卡利姆多最凶狠的动物之一，也是暗夜精灵文化中不可缺少的一部分。它们是同伴、是猎手，也是战斗的坐骑。,传承护甲 达到50级后就开启任务并获取卡多雷保护者之饰传承护甲，在融入自然的同时脱颖而出。,领袖：泰兰德·语风和玛法里奥·怒风 暗夜精灵由前哨兵部队将军、女神艾露恩的高阶女祭司泰兰德·语风，以及她的丈夫、塞纳里奥议会的领袖之一大德鲁伊玛法里奥共同领导。从上古之战起，泰兰德和玛法里奥就在为保护暗夜精灵而奋战不息。,,精灵之魂 死后变成小精灵，并提高移动速度。,自然抗性 降低受到的自然伤害。,迅捷 提高对攻击的躲闪几率和移动速度。,影遁 遁入阴影，降低敌人侦测到你的几率。,艾露恩之触 提高夜间时的急速效果和白天时的暴击概率。,精灵之魂 死后变成小精灵，并提高移动速度。,自然抗性 降低受到的自然伤害。,,,
矮人,鲁莽而又勇敢的矮人是一支古老的种族，由这个世界处于摇篮时期时诞生的泰坦造物土灵演化而来。矮人们定居在卡兹莫丹雪峰之间的雄伟城市铁炉堡中，他们是悍勇的联盟守护者。,主城：铁炉堡 矮人大师们在巨大的熔炉旁日夜无休，为铁炉堡赋予了温暖亲切的氛围。这座雄伟的城市坐落在卡兹莫丹的岩石之心，彰显着矮人的力量和适应力。,种族坐骑：山羊 以蓬松的毛皮和结实的犄角闻名的巴拉克托山羊纯朴而又高傲，它们的勇敢无畏也只有自己的矮人主人可以媲美。,传承护甲 将矮人角色升至50级，就可以开启任务并获取独特的传承护甲，表彰你做出的贡献。,领袖：三锤会议 三锤议会由来自三大矮人部族的三位代表组成。虽然理念不一，穆拉丁·铜须、弗斯塔德·蛮锤和茉艾拉·索瑞森会为了铁炉堡的福祉携手共治。,,石像形态 移除所有的中毒、疾病、诅咒、魔法和流血效果，并降低受到的物理伤害。,探索者 使你在考古中可以找到额外的碎片，勘测考古遗迹速度更快。,冰霜抗性 减少受到的冰霜伤害。,山丘之力 提高暴击伤害和暴击治疗效果。,石像形态 移除所有的中毒、疾病、诅咒、魔法和流血效果，并降低受到的物理伤害。,探索者 使你在考古中可以找到额外的碎片，勘测考古遗迹速度更快。,,,,
人类,暴风城的人类王国是联盟最坚实的脊梁。暴风城愿意与其他势力通过外交手段解决纷争，这也成为了它最大的优势之一。暴风城的人民一直坚持着荣耀与公正的原则，并以此保卫他们的定居点和联盟。,主城：暴风城 没有哪座城市比暴风城更能体现人类的勇气。繁忙的街区里挤满了形形色色的联盟成员，无数的纪念碑铭记着古往今来牺牲的英烈，鼓舞着全东部王国的人民。,种族坐骑：马 早在第一次战争开始之前，这些可靠的战马就会驮着他们的人类主人踏上战场。它们以迅捷和坚定的性情闻名，与马背上的英勇骑士完美相配。,传承护甲 将人类角色升至50级，就可以开启任务并获取独特的传承护甲，表彰你做出的贡献。,领袖：安度因·乌瑞恩国王 虽然年纪尚轻，安度因·乌瑞恩一直力图通过外交与智慧来避免纷争。然而当第四次战争打响，在努力阻止盟友们流血牺牲的同时，安度因明白了换取自由与和平所需付出的沉重代价。,,人类精魂 通过任何渠道获得的所有次级属性提高。,唯念故乡 你的炉石冷却时间缩短5分钟，并获得额外一次使用次数。,生存意志 移除所有昏迷效果。,人类精魂 通过任何渠道获得的所有次级属性提高。,唯念故乡 你的炉石冷却时间缩短5分钟，并获得额外一次使用次数。,,,,,
